id,log_price,property_type,room_type,amenities,accommodates,bathrooms,bed_type,cancellation_policy,cleaning_fee,city,description,first_review,host_has_profile_pic,host_identity_verified,host_response_rate,host_since,instant_bookable,last_review,latitude,longitude,name,neighbourhood,number_of_reviews,review_scores_rating,thumbnail_url,zipcode,bedrooms,beds
6901257,5.010635294,Apartment,Entire home/apt,"{""Wireless Internet"",""Air conditioning"",Kitchen,Heating,""Family/kid friendly"",Essentials,""Hair dryer"",Iron,""translation missing: en.hosting_amenity_50""}",3,1,Real Bed,strict,TRUE,NYC,"Beautiful, sunlit brownstone 1-bedroom in the loveliest neighborhood in Brooklyn. Blocks from the promenade and Brooklyn Bridge Park, with their stunning views of Manhattan, and from the great shopping and food.",18-06-2016,t,t,,26-03-2012,f,18-07-2016,40.69652363,-73.99161685,Beautiful brownstone 1-bedroom,Brooklyn Heights,2,100,https://a0.muscache.com/im/pictures/6d7cbbf7-c034-459c-bc82-6522c957627c.jpg?aki_policy=small,11201,1,1
6304928,5.129898715,Apartment,Entire home/apt,"{""Wireless Internet"",""Air conditioning"",Kitchen,Heating,""Family/kid friendly"",Washer,Dryer,""Smoke detector"",""Fire extinguisher"",Essentials,Shampoo,Hangers,""Hair dryer"",Iron,""translation missing: en.hosting_amenity_50""}",7,1,Real Bed,strict,TRUE,NYC,"Enjoy travelling during your stay in Manhattan. My place is centrally located near Times Square and Central Park with easy access to main subways as well as walking distance to many popular restaurants and bus tours. My place is close to the subway, Totto Ramen, Hell's Kitchen, Ippudo Westside, Empanada Mama, Intrepid Sea, Air & Space Museum. My place has three true bedrooms and one bathroom. The kitchen is stocked with stainless steel appliances like the Keurig machine. The living room is spacious and can accommodate another person thanks to the pull out bed. My place is centrally located to some of the top attractions in the city. Feel free to explore the entire apartment and do not worry about sharing the space with any strangers. This is all yours during your stay. I am available via text/email/phone for anything you might need. - Times Square - Rockefeller Plaza - Central Park  - 5th Avenue Shopping  -Broadway Theater District  - Empire State Building  - Hudson River Express Subwa",05-08-2017,t,f,100%,19-06-2017,t,23-09-2017,40.76611542,-73.98903992,Superb 3BR Apt Located Near Times Square,Hell's Kitchen,6,93,https://a0.muscache.com/im/pictures/348a55fe-4b65-452a-b48a-bfecb3b58a66.jpg?aki_policy=small,10019,3,3
7919400,4.976733742,Apartment,Entire home/apt,"{TV,""Cable TV"",""Wireless Internet"",""Air conditioning"",Kitchen,Breakfast,""Buzzer/wireless intercom"",Heating,""Family/kid friendly"",""Smoke detector"",""Carbon monoxide detector"",""Fire extinguisher"",Essentials,Shampoo,Hangers,""Hair dryer"",Iron,""Laptop friendly workspace"",""translation missing: en.hosting_amenity_50""}",5,1,Real Bed,moderate,TRUE,NYC,"The Oasis comes complete with a full backyard with outdoor furniture to make the most of this summer vacation!!  The unit has high ceilings, a completed renovation throughout, beautiful flood lighting and exposed brick! Best part, total seclusion. You share with no one! The entire unit is yours during your stay.  It's a fully furnished apartment that can hold up to 5 people. The only items you need are a toothbrush and your luggage!!! The unit has high ceilings, a completed renovation throughout, beautiful flood lighting and exposed brick! Not to mention the large backyard complete with ourdoor furniture.  Best part, total seclusion. You share with no one! The entire unit is yours during your stay. The entire unit and backyard Garden area My assistant is available off site via phone.   Other than that, you will be alone for your stay. The neighborhood of central Harlem is very diverse and full of culture! We are a few blocks from Historic 125th Street, The Apollo Theatre, The Schomburg",30-04-2017,t,t,100%,25-10-2016,t,14-09-2017,40.80810999,-73.94375584,The Garden Oasis,Harlem,10,92,https://a0.muscache.com/im/pictures/6fae5362-9e3a-4fa9-aa54-bbd5ea26538d.jpg?aki_policy=small,10027,1,3
13418779,6.620073207,House,Entire home/apt,"{TV,""Cable TV"",Internet,""Wireless Internet"",Kitchen,""Indoor fireplace"",""Buzzer/wireless intercom"",Heating,Washer,Dryer,""Smoke detector"",""Carbon monoxide detector"",""First aid kit"",""Fire extinguisher"",Essentials}",4,1,Real Bed,flexible,TRUE,SF,"This light-filled home-away-from-home is super clean and comes with all of the modern amenities travelers could want. Located on a quiet street in the very trendy, super central Lower Haight neighborhood. 15 minutes to Superbowl City! Avail 2/4-2/8. Tucked away on a quaint and quiet one-way street just one block away from the restaurants, shops and bars on Haight Street. There are trains and buses just a block away to get around the city. Super central and trendy!",,t,t,,19-04-2015,f,,37.77200448,-122.4316187,Beautiful Flat in the Heart of SF!,Lower Haight,0,,https://a0.muscache.com/im/pictures/72208dad-9c86-41ea-a735-43d933111063.jpg?aki_policy=small,94117,2,2
3808709,4.744932128,Apartment,Entire home/apt,"{TV,Internet,""Wireless Internet"",""Air conditioning"",Kitchen,""Elevator in building"",Heating,""Smoke detector"",""Carbon monoxide detector"",""Fire extinguisher"",Essentials,Shampoo}",2,1,Real Bed,moderate,TRUE,DC,"Cool, cozy, and comfortable studio located in the heart of the city. Literally a 10 min walk to Columbia Heights metro where you'll find shopping, theater, bars and diverse restaurants. Fits two very well, and is very convenient to other great areas. Welcome home!  It's in a diverse building,  where you meet alot of international people. It's located around different embassies, whom may provide a tour.  Theres tons of people from over the world! Tons of different restaurants,  and cultural things to do. Less than a mile walk to Dupont Circle, U Street, Adams Morgan, Columbia Heights metro.  Tons of buses, and underground metro at your fingertips I can provide groceries for an affordable fee",12-05-2015,t,t,100%,01-03-2015,t,22-01-2017,38.92562692,-77.03459552,Great studio in midtown DC,Columbia Heights,4,40,,20009,0,1
12422935,4.442651256,Apartment,Private room,"{TV,""Wireless Internet"",Heating,""Smoke detector"",""Carbon monoxide detector"",""First aid kit"",""Fire extinguisher"",Essentials,Hangers,""Laptop friendly workspace""}",2,1,Real Bed,strict,TRUE,SF,"Beautiful private room overlooking scenic views in San Francisco's upscale Noe Valley neighborhood. You'll have your own bedroom, queen bed, dresser, wardrobe, smart TV, workstation, desk&chair, WiFi, and kitchen. Fresh towels and linens are provided for your convenience. MUNI bus stop and all tech shuttles are around the corner, J-Church subway is 5-minute walk away. Restaurants, bars, and cafes are around the corner. Ideal location for experiencing SF or commuting to Silicon Valley. We'll provide 100% cotton sheets and fresh towels. You'll have access to the full size bathroom as well as the kitchen. We'll also provide high speed business class WiFi internet, as well as HBO and Net""ix on your private TV. Guests will have access to kitchen and bathroom in addition to their private bedroom. We'll interact with you as much as you'd like to make your stay as comfortable as possible. We are available if you need us but will not disturb you otherwise. One of the sunniest neighborhoods in S",27-08-2017,t,t,100%,07-06-2017,t,05-09-2017,37.75316405,-122.4295261,Comfort Suite San Francisco,Noe Valley,3,100,https://a0.muscache.com/im/pictures/82509143-4b21-44eb-a556-e3c1e0afac60.jpg?aki_policy=small,94131,1,1
11825529,4.418840608,Apartment,Entire home/apt,"{TV,Internet,""Wireless Internet"",""Air conditioning"",Pool,Kitchen,""Free parking on premises"",Gym,""Elevator in building"",""Hot tub"",Heating,""Family/kid friendly"",Washer,Dryer,""Smoke detector"",""Carbon monoxide detector"",Essentials,Shampoo,Hangers,""Hair dryer"",""Laptop friendly workspace""}",3,1,Real Bed,moderate,TRUE,LA,"Warm and cozy studio with full kitchen and bathroom. Big balcony. Parking included. Walk to the beach, rent a bike, eat at variety of restaurants, see boats at Marina harbor! Great location! Friendly neighborhood! Meet locals at ""Cow's End"" famous coffee and wrap cafe.  Great experience all around. This is a non smoking apartment. Warm and cozy studio with full kitchen and bathroom. Big balcony. Parking included. Walk to the beach, rent a bike, eat at variety of restaurants, see boats at Marina harbor! Great location! Friendly neighborhood! Meet locals at ""Cow's End"" famous coffee and wrap cafe.  Great experience all around. Close to the beach, lots of entertainment, balcony,  full kitchen. Gated parking, swimming pool, beach activities, Venice Beach, Marina Harbor At the check in, to deliver the keys. Quite peaceful place, friendly locals, fresh ocean breeze, Venice canals, marina harbor. Yes, the is Bus and uber Gated parking, swimming pool, beach activities, Venice Beach, Marina Har",10-03-2017,t,f,100%,03-03-2017,t,21-04-2017,33.9804544,-118.4628207,Beach Town Studio and Parking!!!11h,,15,97,https://a0.muscache.com/im/pictures/4c920c60-43dc-4169-a0da-ccf37f1d7a94.jpg?aki_policy=small,90292,1,1
13971273,4.787491743,Condominium,Entire home/apt,"{TV,""Cable TV"",""Wireless Internet"",""Wheelchair accessible"",Pool,Kitchen,""Free parking on premises"",Doorman,Dog(s),Cat(s),""Other pet(s)"",""Elevator in building"",""Hot tub"",""Buzzer/wireless intercom"",Heating,""Family/kid friendly"",Washer,Dryer,""Smoke detector"",""Carbon monoxide detector"",""First aid kit"",Essentials,Shampoo,""Lock on bedroom door"",Hangers,""Hair dryer""}",2,1,Real Bed,moderate,TRUE,LA,"Arguably the best location (and safest) in downtown LA. Steps away from Staples Center, LA Live, LA Convention Center,  2 metro stations. Next door to FIDM.  Convenience: Starbucks & cleaner in the building. Ralph's across the street. FREE ASSIGNED GATED INDOOR PARKING. FREE WIFI. Fully stocked kitchen. PANORAMIC view of DTLA neighborhoods and LA Live, on your private balcony that spans the entire living room and bedroom.  Luxury hotel-style living with concierge, lobby, pool, jacuzzi, etc! Bright, airy and cozy 1 bedroom condo - all to yourself! 1 assigned parking space (indoor, gated), at no additional charge. Condo is located in South Park, the sub-neighborhood of Downtown LA with  premium luxury high rise buildings (Ritz-Carlton, EVO, and many more).  It is next to the Financial District and a stone's throw away from Korea Town and Little Tokyo.  Several blocks away from 4 major freeways: 110, 5, 10 and 101. Several blocks away from 4 major freeways: 110, 5, 10 and 101. 3 blocks aw",16-12-2016,t,t,100%,18-05-2013,f,12-04-2017,34.04673741,-118.2604389,"Near LA Live, Staple's. Starbucks inside. OWN VIEW",Downtown,9,93,https://a0.muscache.com/im/pictures/61bd05d5-c4db-4c49-9f87-c0981c2d83b9.jpg?aki_policy=small,90015,1,1
180792,4.787491743,House,Private room,"{TV,""Cable TV"",""Wireless Internet"",""Pets live on this property"",Dog(s),Heating,""Smoke detector"",""First aid kit"",Essentials,Shampoo,""Lock on bedroom door"",Hangers,""Hair dryer"",""Private entrance"",""Hot water"",""Bed linens"",""Extra pillows and blankets"",""Coffee maker"",Refrigerator,""Dishes and silverware"",""Garden or backyard""}",2,1,Real Bed,moderate,TRUE,SF,"Garden Studio with private entrance from the street and garden patio sitting area in a charming house in front of Lincoln Park(URL HIDDEN) Queen bed, en suite bathroom and Breakfast bar. Quiet neighborhood away from the crowds. Great location. Your private entrance leads to a beautiful garden-patio,an excellent place to enjoy a cup of coffee or a glass of wine.  When you enter to your private room  you will find a comfortable Queen size bed, en suite bathroom,closet, a table for two  and a Breakfast Bar area with mini-fridge, coffee maker,kettle, toaster oven and few goodies awaiting for you.  Please note, there is no kitchen.      Flat screen CableTV, Free Wifi and maps of the area as well.      This is a studio in a garden level of a private home. Our family living space is above it and there can be a modest amount of noise briefly in the morning and again in the evening.        People enjoy having their own separate entrance, an added bonus to an already great and welcoming space. W",13-02-2016,t,f,100%,04-06-2015,f,24-09-2017,37.78112798,-122.5010952,Cozy Garden Studio - Private Entry,Richmond District,159,99,https://a0.muscache.com/im/pictures/0ed6c128-7d60-4e05-b3bf-63158a230f70.jpg?aki_policy=small,94121,1,1
5385260,3.583518938,House,Private room,"{""Wireless Internet"",""Air conditioning"",Kitchen,""Free parking on premises"",Heating,""Family/kid friendly"",Washer,Essentials,Shampoo,Hangers,""Hair dryer"",""Laptop friendly workspace"",""translation missing: en.hosting_amenity_50""}",2,1,Real Bed,moderate,TRUE,LA,"Quiet community. Close to supermarkets,restaurants,60 freeway.Looking forward to provide you with high quality service  å®‰å…¨å®é™çš„è¡—åŒº, è¿‘åŽäººåŠéŸ©å›½è¶…å¸‚,é¤åŽ…,è¿‘60å·é«˜é€Ÿã€‚æ¬¢è¿Žæ—…è¡Œå•†ä½ å®½æ•žã€æ˜Žäº®ã€å¹²å‡€ã€æ•´æ´ã€å‡ºå…¥æ–¹ä¾¿ Available kitchen,laundry,living room å¯ä½¿ç”¨åŽ¨æˆ¿æ´—è¡£é—´åŠå®¢åŽ… Anytime contact with message or email.phone call available 9am to 7pm. ä»»ä½•æ—¶é—´çš„ä¿¡æ¯å’Œé‚®ç®±éƒ½å¯ä»¥ã€‚ç”µè¯è¯·åœ¨å¤ªå¹³æ´‹æ—¶é—´æ—©ä¸Š9ç‚¹è‡³æ™šä¸Š7ç‚¹ä¹‹é—´ æˆ¿å®¢é¡»çŸ¥:  1ã€æˆ¿å®¢ä¹‹é—´ä¸å…è®¸ç§ä¸‹æ“…è‡ªæ›´æ¢æˆ¿é—´,å¿…é¡»ç»ç”±ç®¡ç†å‘˜,ä»¥åŠåŒæ–¹æˆ¿å®¢è®¸å¯,ç”±ç®¡ç†å‘˜ç›‘ç£æ›´æ¢æˆ¿é—´ã€‚  1, between the tenants are not allowed to privately change the room, must be by the administrator, and the two sides permit tenants, supervise the replacement of the room by the administrator. 2ã€è¯·è®¤å‡†è‡ªå·±é¢„å®šæˆ¿é—´çš„å·ç æ‹¿å–é’¥åŒ™,ä¸å¾—è¿›å…¥éžé¢„å®šæˆ¿é—´ã€‚ 2, please look for their own room number to pick up the key, not to enter the not you booking room. 3ã€é¢„å®šæˆ¿é—´è¯·çœ‹å‡†æè¿°é€‰å®šæˆ¿é—´,å¦‚æè¿°ä¸æ¸…è¯·å‘ç®¡ç†å‘˜å’¨è¯¢,é¢„å®šåŽæ—¢è§†ä¸ºè®¤å¯ä¸ç»™äºˆä»»ä½•æ›´æ¢ã€‚ 3, booking room, please see the description of the selected room, such as the description is unclear, please ask to the administrator, when confired booked room,we don't given any replacement. 4ã€è¯·è‡ªè¡Œç¡®è®¤æ˜¯å¦é¢„å®šæƒ³è¦çš„æˆ¿æº,å¦‚ä¸æ¸…æ¥šè¯·åŠæ—¶è¯¢é—®ç®¡ç†å‘˜,å¦‚ç¡®è®¤é¢„å®š,ç®¡ç†å‘˜æ—¢è§†ä¸ºæ»¡æ„æœ¬æˆ¿æº,ä¸å†å¯¹é¢„å®šè¿›è¡Œ",03-04-2017,t,f,100%,12-03-2017,t,16-04-2017,33.99256298,-117.8959966,No.7 Queen Size Cozy Room èˆ’é€‚å¤§åºŠæˆ¿,,2,90,https://a0.muscache.com/im/pictures/8d2f08ce-bf65-4018-a7b0-18823a7882a7.jpg?aki_policy=small,91748,1,1
5578513,4.605170186,Apartment,Private room,"{Internet,""Wireless Internet"",""Air conditioning"",Kitchen,""Pets allowed"",""Buzzer/wireless intercom"",Heating,Washer,Dryer,""Smoke detector"",Essentials,Hangers,""Hair dryer"",""Laptop friendly workspace"",""translation missing: en.hosting_amenity_50""}",2,1,Real Bed,strict,TRUE,NYC,"This is a bright bedroom in an historic building with exposed brick walls and modern appointments, situated in the most vibrant and eclectic neighborhood in Manhattan!  You'll get an authentic experience during your stay in New York here. I have a room available in a lovely apartment in the East Village, close to the subway (5-10 minutes) and SoHo, Little Italy, and the Lower East Side (Each about 15 minutes).  Also located nearby are the eclectic and Lively St. Marks Place and Tompkins Square Park.   The room has a full-size bed, a large wardrobe, bookshelves, and a closet, and it has two large windows with plenty of light.   The apartment has a fully-equipped kitchen, a living room, a bathroom, a washer, and a dryer, all of which guests are welcome to use. The East Village is a great neighborhood with ample nightlife, and borders many other well-known Manhattan neighborhoods each with unique restaurants, shops, and character.  It is minutes away from the 2nd Avenue station for the F ",28-04-2013,t,t,100%,27-03-2013,f,15-11-2016,40.72388327,-73.98388043,Large East Village Bedroom To Let!,Alphabet City,82,93,https://a0.muscache.com/im/pictures/21726900/19c843e1_original.jpg?aki_policy=small,10009,1,1
17423675,5.010635294,House,Entire home/apt,"{TV,""Cable TV"",Internet,""Wireless Internet"",Kitchen,""Free parking on premises"",Heating,""Family/kid friendly"",Washer,Dryer,""Smoke detector"",""Carbon monoxide detector"",""First aid kit"",""Safety card"",""Fire extinguisher"",Essentials,Shampoo,""24-hour check-in"",Hangers,""Hair dryer"",Iron,""Laptop friendly workspace""}",4,1.5,Real Bed,strict,TRUE,LA,"A 1044 sq. ft., 1950's beach house. 3 Blocks from the beach, on the green belt, 1 block from the Valley Park. Situated between the Manhattan and Hermosa Piers close to all the Southbay has to offer. This is a 1044sq. ft., 1950's beach house with an open floor plan. One bedroom has an antique Queen Bed, the 2nd bedroom/office has a full size murphy bed, and a sofa w/foldout bed in the living room. Beach gear is available; chairs, towels, umbrellas. One car garage no garage door opener. Ample, free street parking available, no permit required. I can usually park right in front of the house. The laundry room is accessed through the garage side door. Luggage racks, closet space and dressers in each bedroom for guest use. I try not to disturb my guests unnecessarily during their stay, but am available if needed. I've lived in the Southbay since 1969. I hope you enjoy stay as much as I have loved living here for so many years. It is a residential, family friendly neighborhood. Hermosa means ",02-07-2015,t,t,100%,11-06-2015,f,18-11-2016,33.87586236,-118.4032926,Sand Section Beach Bungalow,Hermosa Beach,29,97,,90254,2,2
14066228,4.248495242,Apartment,Private room,"{TV,Internet,""Wireless Internet"",Kitchen,""Free parking on premises"",""Pets allowed"",""Pets live on this property"",Heating,""Family/kid friendly"",Washer,Dryer,""Smoke detector"",Essentials,Shampoo,""Lock on bedroom door"",""24-hour check-in"",Hangers}",2,1,Real Bed,flexible,TRUE,LA,"Newly furnished room in beach apartment one street up from the water! Relaxing ocean view from the patio in this quaint pet-friendly complex. Right next to the Riviera Village, full of restaurants and shopping! If you would like to rent on days not listed under availability, please message! I may be able to accommodate :)",,t,f,,10-05-2016,f,,33.81322842,-118.3894336,Beach Pad 1 min walk to the ocean!,Torrance,0,,https://a0.muscache.com/im/pictures/be827784-a092-4b3c-8f69-f957414eb48c.jpg?aki_policy=small,90277,1,1
2658946,5.298317367,Apartment,Entire home/apt,"{TV,""Cable TV"",Internet,""Wireless Internet"",""Air conditioning"",Kitchen,""Free parking on premises"",Heating,""Family/kid friendly"",Washer,Dryer,""Smoke detector"",""Carbon monoxide detector"",""First aid kit"",""Safety card"",""Fire extinguisher"",Essentials,Shampoo,""24-hour check-in"",Hangers,""Hair dryer"",Iron,""Laptop friendly workspace"",""Self Check-In"",Lockbox}",6,1.5,Real Bed,strict,TRUE,DC,"Amazing location at the heart of U street and 14th street neighbourhoods! Great 2 bedroom apartment (sleeps 6) in the heart of DC with excellent walkability and a great choice of restaurants, coffee shops, bars, grocery stores within a couple minutes walk. White house is within a 30 min walk or 5 min taxi ride away. Metro station only 7 minutes away! Home is open plan layout with hard wood floors, exposed brick walls, stainless steel kitchen appliances, a private deck and a parking space. Come stay in our lovely, modern home, right around the corner from 14th street`s action!  14th st is famous in DC for its trendy storefronts, endless dining options, and the bustling music scene. Families and friends will have no trouble finding entertainment and culture right outside of your door!  We host the basement unit as well, so for those with larger groups, please inquire about opening up the rest of the home to sleep an additional 4 guests.  Jack and Jill set up allows both the master bedroo",18-02-2017,t,t,100%,12-10-2012,t,30-04-2017,38.91963001,-77.03118943,Charming 2 bdrm in trendy U/14th streets w/parking,U Street Corridor,13,89,,20009,2,3
583490,4.955827058,Apartment,Entire home/apt,"{Kitchen,Heating,""Smoke detector"",""Carbon monoxide detector"",Essentials,""Hair dryer"",""translation missing: en.hosting_amenity_50""}",2,1,Real Bed,strict,TRUE,LA,"This apartment is charming and wonderful. Beautiful plaster walls 9 foot ceilings hardwood floors throughout. ..LOOKING FOR ""SOLID GUEST"" , for a ""SOLID Amt OF DAYS inMAY""......Kitchen floors & counter are imperfect thru age.The living room window is two French doors that opens out onto palm fronds right before you. Think of the Eagles song hotel California and imagine an apartment for that song this is it.. 9 foot curved living room and bedroom ceiling. Hardwood floors hand trowel plaster walls and ceiling .. vintage and historical Long Beach is super close to all parts of LA look at a map and see. There are many restaurants and shops with in the Long Beach area to have good food for a reasonable price. I am very happy to share local information tailored to your interest and curiosity's (READ MY 22 PREVIOUS REVIEWS) ...This listing is  when you have the entire Home to yourself. I might at your arrival to pass the key/ welcome you upon arrivalâ€¦Otherwise I'm available for questions and ",25-03-2017,t,t,100%,20-11-2012,f,06-04-2017,33.77852647,-118.1459258,VINTAGE 1930s Mediteranian Apt. (NOT a party SPOT),,2,100,https://a0.muscache.com/im/pictures/9ebde7af-0dda-4048-843d-011501b34575.jpg?aki_policy=small,90804,1,1
6226658,4.094344562,Apartment,Private room,"{Internet,""Wireless Internet"",""Air conditioning"",Kitchen,""Indoor fireplace"",""Buzzer/wireless intercom"",Heating,Washer,Dryer,Essentials,Hangers,""Laptop friendly workspace""}",2,1.5,Real Bed,moderate,TRUE,Chicago,"Just west of vibrant Wicker Park and Ukranian Village, welcome home to Humboldt Park.  There's a really great urban park just 2 minutes away, where you can get a breath of air and also really great views of the city. This home is shared by 2 working ceramic artists.  Outside of day jobs as freelancers we both keep studio space across town, so the home for us is a clean and comfortable space, with lots of light and creative touches in every corner.  This apartment has the special character of being a duplex with the added bonus of a nice fireplace, which we especially enjoy during the cold Chicago winter!  Currently we are renting one room to a doctor, and I am taking time away from Chicago and offering my room to AirBnb guests. Guests are welcome to be at home in their room, or in either of the common sitting areas.  Kitchen use is permitted, with courtesy of hosts.  Ask for details & kitchen orientation when you check-in. With 2 roommates sharing the duplex on a permanent basis, eithe",,t,t,100%,10-09-2012,f,,41.90824021,-87.69524167,Sweet Home Chicago,Humboldt Park,0,,https://a0.muscache.com/im/pictures/996e04cd-56c5-4705-a420-a2962ac9d85c.jpg?aki_policy=small,60622,1,1
7499179,4.317488114,Loft,Private room,"{TV,""Wireless Internet"",Kitchen,""Pets allowed"",Breakfast,""Pets live on this property"",Heating,""Suitable for events"",Washer,Dryer,""Smoke detector"",""Carbon monoxide detector"",""Fire extinguisher"",Essentials,""Lock on bedroom door"",Hangers,""translation missing: en.hosting_amenity_49"",""translation missing: en.hosting_amenity_50""}",2,1,Real Bed,strict,FALSE,Chicago,"Our place IS Six Corners! Top floor of 4 story building. Close to Big Star, Violet Hour, Bongo Room, Stan's Donuts, Wormhole Coffee, CTA Blue Line, all the bars, all the restaurants, all the shopping! Youâ€™ll love our place because of the high ceilings, the views, the location, the people, the ambiance, the rooftop with a Chicago skyline view, the proximity to everything you want to see in the neighborhood and the city. Our place is good for couples, solo adventurers, and furry friends. Wicker Park is noisy on weekends, and your room is on Milwaukee Avenue, so plan for it too be a little louder on Friday and Saturday, and sometimes Sunday as well.",14-08-2016,t,f,,29-07-2016,f,16-10-2016,41.91030829,-87.67526102,Private room in Wicker Park loft at Six Corners,Wicker Park,15,91,https://a0.muscache.com/im/pictures/f382cb5a-1ea7-4b80-8a1f-1ce5190fa38e.jpg?aki_policy=small,60622,1,1
14648556,4.59511985,Townhouse,Private room,"{Internet,""Wireless Internet"",""Air conditioning"",Kitchen,""Hot tub"",Heating,""Family/kid friendly"",""Smoke detector"",""Carbon monoxide detector"",""First aid kit"",Essentials,Shampoo,""Lock on bedroom door"",""24-hour check-in"",Hangers,""Hair dryer"",Iron,""Laptop friendly workspace"",""translation missing: en.hosting_amenity_50""}",2,2,Real Bed,strict,TRUE,Boston,"This is a nice duplex in a good location.Recently renovated with central air/heat,close to broadway, numerous restaurants,coffee,pubs and all kinds of other stores. Walk 10 min. to redline T. One stop to south station, 3-4 stops to MIT and Harvard. Minutes walking to Convention center, Boston harbor,Quincy Market,Faneuil Hall,seaport, museums etc. Bus 9 takes you to prudential shopping mall. Its a nice and safe neighborhood. Good for couples,solo adventurers and business travelers, welcome! This place is located at a quiet street but very close to broad way,numerous restaurants, coffee, ice cream and all kinds of stores. Walk 10 min. to Broadway redline T . One T stop to south station, 3-4 stops to MIT and Harvard. Walking distance to Convention center (10 min.).Boston harbor,Quincy Market,Faneuil Hall,seaport, museums etc. Bus 9 takes you to prudential shopping mall. Its a great location, nice and safe neighborhood,good for couples,solo adventurers, and business travelers. Welcome! ki",16-07-2016,t,t,100%,27-07-2014,f,07-02-2017,42.33919401,-71.04967213,"Comfy room (C) near T, convention center, downtown",South Boston,12,88,https://a0.muscache.com/im/pictures/176088bb-32e5-4bbc-a9f3-3672cbb31780.jpg?aki_policy=small,2127,1,1
17589436,4.882801923,Apartment,Entire home/apt,"{TV,""Cable TV"",Internet,""Wireless Internet"",""Air conditioning"",""Wheelchair accessible"",Kitchen,Elevator,""Buzzer/wireless intercom"",Heating,""Smoke detector"",""Carbon monoxide detector"",Essentials,Shampoo,Hangers,""Hair dryer"",Iron,""Laptop friendly workspace""}",2,1,Real Bed,strict,TRUE,NYC,"I am renting a very spacious, unique, bright L shape studio filled with character for perfect NYC vibe & getaway. Apt is located Lower East Side (LES) walking distant SOHO,Nolita, Chinatown, lots of restaurants and bars and close to the F,B,D,J,M,Z . Hello all , I am happy to rent my apartment to  respectful, clean individuals. I love my apartment and want to make sure it is in good hands while away.  My apt. is located one of the most convenient and attractive neighborhood  in Manhattan, Lower East Side (LES). It's a very quiet  apartment best fits 2 guests. ( one Queen size real bed 60"" x 80"" and one single day bed) 15 feet wide window provides great light and eastern views of downtown Manhattan, lying in bed and gazing out the window is lovely. Furniture's are carefully selected by award winner interior designer  and items within the space give the whole apartment a colorful , light and airy / spacious feeling. Any questions I am happy to answer and after 14+ years living in New Yor",26-09-2015,t,t,71%,17-08-2015,f,12-12-2016,40.7190863,-73.99028485,"Amazing LES apt - cool, bright...",Lower East Side,26,86,,10002,1,2
18224863,4.59511985,House,Entire home/apt,"{TV,""Wireless Internet"",""Air conditioning"",Kitchen,Breakfast,Heating,""Smoke detector"",""Fire extinguisher"",Essentials,""Lock on bedroom door"",Hangers,""Hair dryer"",Iron,""Laptop friendly workspace"",""Private entrance"",""Hot water"",""Bed linens"",""Extra pillows and blankets"",Microwave,Refrigerator,""Dishes and silverware"",""Cooking basics"",Oven,Stove}",8,1,Real Bed,strict,TRUE,NYC,"Huge 3 bedroom apartment situated in Flatbush, Brooklyn. Average 8 mins walk to train station. Average 30 mins to Manhattan and 10 mins ride to Barclays Center, Prospect Park, Brooklyn Museum, Kings Theatre and Williamsburg.This apartment minimun booking amount are three guests. Spacious 3 bedroom with lots of closet space.  Private entrance Full kitchen Large living  room Large bedrooms Wifi Queen size bed Private entrance Yes Multicultural neighborhood, shopping areas as well as restaurants that are in close proximity. Shopping and fitness centers within walking distance. Average 8 mins walk to train station and 2 mins to the bus.  Average 30 mins to Manhattan and 10 mins ride to Barclays Center, Prospect Park and Brooklyn Museum. 10 mins walk to Kings Theatre. Bus or train to Williamsburg.",30-07-2017,t,f,100%,09-05-2017,t,15-09-2017,40.64377262,-73.95085466,3 Bedroom Apartment for Small Group or Family,Flatbush,5,72,https://a0.muscache.com/im/pictures/e9baba99-e67a-413c-9986-9386f8c5fa2f.jpg?aki_policy=small,11226,3,3
7264511,4.382026635,House,Private room,"{""Cable TV"",Internet,""Wireless Internet"",""Air conditioning"",Pool,Kitchen,""Free parking on premises"",Heating,""Family/kid friendly"",Washer,Dryer,""Smoke detector"",""Carbon monoxide detector"",""First aid kit"",Essentials,Shampoo,""24-hour check-in"",Hangers,""Hair dryer"",Iron,""Laptop friendly workspace""}",2,1,Real Bed,strict,TRUE,LA,"Lovely 1 BR with queen bed and private bath ensuite available for you to feel at home in.  Lovely and safe residential neighborhood where I raised my family. GREAT location - 20-25 minutes to almost anywhere in LA! Just minutes to Universal Studios. EVERYONE is welcome to my home! Truly a peaceful spot to call home while in LA to play in the sun or sell that new script! I've traveled all over the world. I understand when a little flexibility is needed with your travel plans. Please just communicate with me so we are both on the same page. The bedroom has its own bathroom and a walk in closet. It is located on the second floor of the house. You have access to the kitchen for  food prep. If you have the need to cook (i.e. a full blown meal), please check with me first. There is a Keurig for your use, light snacks and bottled water always available for you as well. There is a pool in the back yard that is also available for your use. There is always street parking next to the house (watch",26-06-2016,t,t,100%,11-01-2016,f,08-02-2017,34.16579488,-118.444462,Chill out after work or playing in Los Angeles,Sherman Oaks,26,98,https://a0.muscache.com/im/pictures/8a137400-b3eb-4b6d-b2a5-7bc79ae018e3.jpg?aki_policy=small,91401,1,1
16679342,3.688879454,House,Private room,"{Internet,""Air conditioning"",Kitchen,""Smoking allowed"",""Pets live on this property"",Dog(s),Heating,""Smoke detector"",""Fire extinguisher"",""translation missing: en.hosting_amenity_49"",""translation missing: en.hosting_amenity_50""}",2,1.5,Real Bed,strict,TRUE,NYC,"Cozy room in my big private house in Brooklyn. The room is smaller but guests have access to all of the common areas in the house. Its is great if your visiting the city and want some privacy and peacefulness in your New York travels. Check in time is flexible please contact me if you are interested in long term rental Guest have acces to the room and all the common areas including the back yard We can chat sometimes and i will tell you more about the neighborhood other than that you are on your own Jamaican / West Indian neighborhood amazing food, cool people, irie (URL HIDDEN) entire street is private houses. Train stop: Utica Avenue & Sutter Avenue - 8minute walk or 3 minute bus ride, the bus that drops you from the train station runs very often so it really is a quick ride to the manhattan. the bus stop is one block away.",10-10-2015,t,t,100%,27-08-2014,f,22-09-2017,40.65627776,-73.92264546,THE LIBRARY LOUNGE,East Flatbush,57,89,https://a0.muscache.com/im/pictures/58fcc67e-4335-4ac5-afca-61a3a040fbc7.jpg?aki_policy=small,11212,1,1
3563677,4.905274778,Apartment,Entire home/apt,"{TV,""Cable TV"",Internet,""Wireless Internet"",""Air conditioning"",Pool,Kitchen,""Free parking on premises"",Doorman,Gym,""Elevator in building"",""Hot tub"",""Buzzer/wireless intercom"",Heating,""Family/kid friendly"",Washer,Dryer,""Smoke detector"",""Carbon monoxide detector"",""First aid kit"",""Safety card"",""Fire extinguisher"",Essentials,Shampoo,""24-hour check-in"",Hangers,""Hair dryer"",Iron,""Laptop friendly workspace""}",4,1,Real Bed,moderate,TRUE,LA,"My place is close to Broken Spanish, LA Live, Staples Center, Microsoft theater, Grammy Museum, Mortons, Fig & 7th, Macy's Plaza, The Bloc, Whole foods, Ralph, Metro Station, Flower District, Fashion District, Broadway Theatre District, The Broad, Walt Disney Concert Hall, AMC Theatres. Youâ€™ll love my place because of the neighborhood, the entertainment district, the view, the pool and spa . My place is good for couples, solo adventurers, business travelers, and families (with kids). Unique, clean and very modern loft overlooking LA Live Ritz tower.  TV is equipped with netflix and amazon prime All access to common area business lounge, pool, spa and gym I'm always available should you need me, text or call. Clean, safe and next to LA Live and Convention Center Uber and Metro are readily available. No mention of AIR BNB as this will jeopardize your stay.  I will be your point of contact, not building management",23-07-2016,t,t,100%,28-11-2014,t,25-04-2017,34.04700251,-118.2673519,"LOFT WITH VIEW, Convention center!",Downtown,73,99,https://a0.muscache.com/im/pictures/d1a617c2-50a2-488d-b535-00ea6cee54ac.jpg?aki_policy=small,90015,1,1
17615783,4.007333185,House,Private room,"{Internet,""Wireless Internet"",""Air conditioning"",Kitchen,""Free parking on premises"",""Pets live on this property"",Dog(s),Cat(s),Heating,""Family/kid friendly"",""Smoke detector"",""Carbon monoxide detector"",""First aid kit"",""Fire extinguisher"",Essentials,Shampoo}",2,1,Real Bed,moderate,TRUE,LA,"A cozy home on a beautiful tree-lined street centrally located to get anywhere in L.A. in less than 25 minutes...depending on traffic of course. The backyard is a great place to hang or eat at the table under the umbrella... My home is your home :) Private bedroom  Open to someone who is mature and considerate or a couple for short stay.  Double Size Bed/Practically brand new Shared bathroom/But I'm clean & keep it like you see it in the pics ;) No smoking Great neighborhood Includes wireless internet No cable, sorry :/  But recently got ""Apple TV"" :) Hardwood floors Ample parking Peaceful backyard with table, chairs and umbrella. Central Air The bus is 1 street light away. (5 min. gets you to Subway which goes from N. Hollywood to downtown) Valley College is 1 mile away. 2 minutes from 101 & 405 freeway 2 minutes from Ventura Blvd. shopping, mall and restaurants 15 minutes to Hollywood 22 minutes to Santa Monica Beach w/out traffic ;) Short term leases are welcome! Please let me know ",20-10-2014,t,t,,12-07-2012,f,14-03-2015,34.17536014,-118.4309043,Private Rm. 1Blk. From Sherman Oaks,Valley Glen,2,100,https://a0.muscache.com/im/pictures/14384442/48d23f7d_original.jpg?aki_policy=small,91401,1,1
2479317,6.956545443,Apartment,Entire home/apt,"{TV,""Wireless Internet"",""Air conditioning"",Kitchen,Heating,Washer,Dryer,""Smoke detector"",""Fire extinguisher"",Essentials,""Lock on bedroom door"",""Hair dryer"",Iron,""translation missing: en.hosting_amenity_49""}",4,1,Real Bed,moderate,TRUE,DC,"Our place is a modern, spacious apartment on the upper level of a walk-up in the historic Dupont Circle neighborhood. Located on a quiet, but hip street with local bars and restaurants. Exactly 1 mile to the White House! Plus just a few blocks to the Dupont metro station and 14th street/U Street restaurants and bars. Also walking distance to Georgetown, Logan Circle, and Adams Morgan areas. One bedroom, one bathroom. One queen bed in the bedroom, along with a flat screen TV and plenty of space for your luggage.  An additional queen air mattress is available for use in the living room  (Insta-Bed Raised Air Mattress with Never Flat Pump - Queen). We have a memory foam mattress pad, extra sheets, and pillows available for use if this bed is needed. Plenty of room in either the bedroom or living room for the air mattress. I will make my self available to give you a set of keys upon your arrival. You can leave the keys in the apartment when you check out.",,t,f,,19-05-2015,f,,38.91127529,-77.03727241,Dupont 1 bedroom - 1 mile from the White House!,Dupont Circle,0,,https://a0.muscache.com/im/pictures/a24c135a-0379-4ed8-a37a-2eadd7acc164.jpg?aki_policy=small,20009,1,2
14122244,5.003946306,Apartment,Entire home/apt,"{TV,""Cable TV"",Internet,""Wireless Internet"",""Air conditioning"",Kitchen,""Free parking on premises"",Breakfast,Heating,""Family/kid friendly"",""Smoke detector"",""Carbon monoxide detector"",""First aid kit"",""Safety card"",""Fire extinguisher"",Essentials,Shampoo,Hangers,""Hair dryer"",Iron,""Laptop friendly workspace"",""Outlet covers"",Bathtub,""Hot water"",""Bed linens"",Microwave,""Coffee maker"",Refrigerator,Dishwasher,""Dishes and silverware"",""Cooking basics"",Oven,Stove,""Single level home"",""Luggage dropoff allowed"",""Step-free access"",""Wide clearance to bed"",""Accessible-height bed"",""Step-free access"",""Wide doorway"",""Accessible-height toilet"",""Step-free access"",""Wide entryway"",""Hot water kettle""}",6,1,Real Bed,strict,TRUE,NYC,"My place is close to JFK Airport, Green Acres Commons, Supermarkets, Restaurants, Bank of America, Chase. Youâ€™ll love my place because of the comfy beds, the kitchen, the coziness, and the light. My place is good for couples, solo adventurers, business travelers, families (with kids). This home is a great place to just relax! The area is very quiet and public transportation is within walking distance.   The home is spacious and bright with beautiful hardwood floors, updated appliances, and lovely decor. Relax in the living room with a flat screen TV with cable, or enjoy a meal at home with a kitchen perfect for cooking and a large dining table. For our Business Travelers - we have a business area equipped with a desk lamp, laptop desk and a all in one printer.   We also have a safe installed for our guest to keep their valuables -  There are 3 cozy bedrooms, each with a comfortable queen bed. The bathroom is beautifully updated with modern accents and a tub shower. The location is grea",25-03-2017,t,t,100%,10-01-2017,f,24-09-2017,40.69205728,-73.74546375,JFK LUXURIOUS APARTMENT,Jamaica,14,100,https://a0.muscache.com/im/pictures/095186d9-18c3-4532-b523-0b617da11776.jpg?aki_policy=small,11411,3,3
19407360,4.553876892,Apartment,Entire home/apt,"{TV,""Wireless Internet"",Pool,Kitchen,""Elevator in building"",""Family/kid friendly"",Washer,Dryer,""Smoke detector"",""Carbon monoxide detector"",Essentials,""Lock on bedroom door"",""Laptop friendly workspace"",""translation missing: en.hosting_amenity_50""}",2,1,Real Bed,flexible,TRUE,LA,"Retro, Melrose Place-esque studio apartment steps away from Sunset Blvd + close to all the action in West Hollywood and Hollywood.  2-minute walk to 8000 Sunset Plaza (Starbucks, Crunch Gym, Trader Joes, restaurants, smoothies..).  Building is secure with amazing neighbors, vibe, and energy. Mediterranean-style building with extremely well taken care of pool. Super comfortable, large studio apartment. Bedroom, stocked bathroom, refrigerator, coffee maker, WiFi, office area, Apple TV .",17-07-2016,t,t,,20-06-2013,f,17-07-2016,34.10068649,-118.3642036,Retro West Hollywood Studio + Pool!,,1,100,https://a0.muscache.com/im/pictures/c67ecdec-acdd-49d6-80e5-bed6fcc70805.jpg?aki_policy=small,,1,1
14490881,5.003946306,Apartment,Entire home/apt,"{TV,""Cable TV"",""Wireless Internet"",""Air conditioning"",Kitchen,Breakfast,Elevator,""Buzzer/wireless intercom"",Heating,""Family/kid friendly"",Washer,Dryer,""Smoke detector"",""Carbon monoxide detector"",Essentials,Shampoo,""Lock on bedroom door"",Hangers,Iron,""Laptop friendly workspace"",""translation missing: en.hosting_amenity_50""}",4,1,Real Bed,strict,TRUE,NYC,This beautifully renovated fully furnished apartment is close to Queens Blvd. Directly across from Forest Hills Hospital. Ready for you and your company to come right in and enjoy the spacious apartment.,03-07-2017,t,f,100%,25-05-2016,f,10-09-2017,40.73014487,-73.85154204,Luxurious 2 bedroom Apartment in Rego Park,Forest Hills,4,100,https://a0.muscache.com/im/pictures/cb787117-6de3-4ee4-9e2c-93adfc2dde7d.jpg?aki_policy=small,11374,2,2
851978,5.192956851,Apartment,Entire home/apt,"{TV,Internet,""Wireless Internet"",""Air conditioning"",Pool,Kitchen,""Free parking on premises"",""Smoking allowed"",""Pets allowed"",Heating,""Family/kid friendly"",Washer,Dryer,""Smoke detector"",Shampoo}",3,1,Real Bed,flexible,TRUE,LA,"This home is filled with love & laughter! Modern, Clean French doors, double door bedroom, flat screen, ps4, movies, Netflix and A/C! Pool/Parking! Fully furnished right in the center of hollywood! 5 minutes walking to Chinese theatre and near most exciting spots all the tourists go! Parking included! You'llBeLivingALosAngelesLifeTheRightWay! :)",30-12-2015,t,t,,26-09-2015,f,03-08-2016,34.05158405,-118.2429231,Sweet Hollywood Home / 1bd1bth,,4,95,,90028,1,2
4734170,4.65396035,Apartment,Private room,"{TV,Internet,""Wireless Internet"",""Air conditioning"",Kitchen,Elevator,""Buzzer/wireless intercom"",Heating,Washer,Dryer,Essentials,Shampoo,Hangers,""Hair dryer"",Iron,""Laptop friendly workspace"",""translation missing: en.hosting_amenity_49"",""translation missing: en.hosting_amenity_50""}",3,1,Real Bed,strict,TRUE,NYC,"Nice, cozy room in 1-bed apartment in the most prestigious area of Manhattan - Park Ave. 5 min walk to Grand central, to Empire State building, 10 min walk to Times Square and many other attractions! Beautiful view around.",20-03-2016,t,f,68%,06-03-2016,f,17-08-2017,40.75035451,-73.98082764,CENTER OF MANHATTAN! NICE COZY ROOM,Murray Hill,40,88,https://a0.muscache.com/im/pictures/81e58dcf-1e96-45d6-a13c-23fc0d43e2c0.jpg?aki_policy=small,10016,1,2
421056,4.317488114,Apartment,Private room,"{TV,""Cable TV"",Internet,""Wireless Internet"",""Air conditioning"",""Wheelchair accessible"",Kitchen,Breakfast,""Buzzer/wireless intercom"",Heating,""Smoke detector"",""Carbon monoxide detector"",""First aid kit"",Essentials,Shampoo,""Lock on bedroom door"",""24-hour check-in"",Hangers,""Hair dryer"",Iron,""Laptop friendly workspace"",""translation missing: en.hosting_amenity_49""}",2,1,Real Bed,strict,TRUE,NYC,"The apartment is within walking distance to Prospect Park, the zoo, and the Botanical Garden. There are a bunch of cute coffee shops and bodegas in the neighborhood on the way to the subway. Restaurants and bars are within walking distance. You'll love staying here for the comfy bed a in room with loads of natural light and private backyard access. The open floor plan makes for a spacious common area. My place is good for couples, solo adventurers, and business travelers.",01-01-2017,t,t,67%,06-01-2014,f,01-01-2017,40.66122089,-73.94866663,"Modern Room in a Cozy, Colorful Apartment",Lefferts Garden,1,100,https://a0.muscache.com/im/pictures/34792262-5e46-4efd-bc9d-971c41d933a0.jpg?aki_policy=small,11225,1,1
5520582,3.828641396,Apartment,Private room,"{""Wireless Internet"",""Air conditioning"",Kitchen,""Free parking on premises"",Gym,""Elevator in building"",""Family/kid friendly"",Washer,Dryer,""Smoke detector"",""Carbon monoxide detector"",Essentials,Hangers,Iron,""translation missing: en.hosting_amenity_50""}",2,1,Real Bed,strict,TRUE,LA,"Our place is fully renovated with a nice and clean carpet in the bedroom and living room. You will have your own private bedroom and bathroom. There is one parking spot in the basement. The neighborhood is quiet and nice. Groceries stores, restaurants and The Grove mall nearby. Quite in the middle of LA: - 20 min by car to Santa Monica and Venice beach - 10 min by car to Hollywood boulevard - 20 min by car to Downtown LA Buses and subways stations closed  You will love this place. We will be here to help and guide you.",,t,f,83%,18-03-2017,f,,34.06407656,-118.3459102,Cosy private room/bathroom in Miracle Mile.,Mid-Wilshire,0,,https://a0.muscache.com/im/pictures/14bf8357-c56f-4cb8-8f98-9a76ad040dbb.jpg?aki_policy=small,90036,1,1
8908966,5.220355825,Apartment,Entire home/apt,"{TV,""Cable TV"",Internet,""Wireless Internet"",Kitchen,""Free parking on premises"",""Pets live on this property"",Dog(s),Cat(s),Heating,""Family/kid friendly"",Washer,Dryer,""Smoke detector"",""First aid kit"",Essentials,Shampoo,""24-hour check-in"",Hangers,""Hair dryer"",Iron,""Laptop friendly workspace"",""Self Check-In"",Lockbox,Bathtub,""Babysitter recommendations"",""Pack â€™n Play/travel crib""}",4,1,Real Bed,strict,TRUE,LA,"Welcome to Venice!  You will have the entire modern, 2nd floor, light and bright two bedroom one bath apartment to yourself. Minutes to restaurants, Venice beach, site seeing, shopping. Internet, cable, linens included, and secure parking! Sleeps 6. Welcome to Venice!  You will have the entire modern, renovated, light and bright two bedroom one bath apartment to yourself. This is a great location, close to all that Venice has to offer, on a quiet, friendly street. The apartment is on the second floor with a fully equipped kitchen, a washer and dryer and secure parking for one car. Rental also includes 2-4 bikes (adult size only & no helmets), wireless internet, TV with cable, HBO and Showtime plus a collection of movies on DVD.The bedrooms have queen sizes beds and the living room has a small desk with a good view. Linens and towels provided. And beach towels! The apartment can accommodate 6 if two people sleep on the sofa bed.  We can book one night if it is in a gap between guests. P",26-11-2011,t,t,100%,07-10-2011,f,18-04-2017,33.99750602,-118.4720329,Light Bright Venice Beach 2 bedroom,Venice,248,96,https://a0.muscache.com/im/pictures/57542540/e0479401_original.jpg?aki_policy=small,90291,2,3
10994968,4.48863637,House,Private room,"{Internet,""Wireless Internet"",Kitchen,""Pets live on this property"",Cat(s),Heating,""Family/kid friendly"",Washer,Dryer,Hangers,""Hair dryer"",""Laptop friendly workspace"",""translation missing: en.hosting_amenity_49"",""translation missing: en.hosting_amenity_50""}",1,,Real Bed,moderate,TRUE,LA,"LOVELY ROOM Cozy, lots of light, twin/single bed (can open into a queen-size), nice closet, WiFi, in a large quaint old 1940's house/duplex in a safe quiet neighborhood. Walking neighborhood with easy access to bus stops.  WHO AM I? Share with me (I'm a comedy director, mid 30's & a really sweet artist in her 20's) I'm super easy going, kind, quiet, respectful, positive, funny, love to meet new people and happy to help you navigate the city. There are two friendly KITTIES! WHO YOU GET TO BE!! I want you to feel at home. You get the run of the house with us, a quaint fully loaded kitchen, living room, wifi, backyard, washer/dryer and easy/free street parking. MOST CENTRAL... ...you can get in Los Angeles! And the neighborhood has everything! WALK TO - Whole Foods, Post Office, Dry Cleaner, etc - LA's best restaurants: The World Famous Improv Comedy Club, The Grove, The Village Idiot, Animal, Urth Cafe, Belmont, Chateau Marmont & The Sunset Strip LONG WALK/SHORT DRIVE -Hollywood Walk of ",20-05-2011,t,t,100%,01-04-2011,f,16-11-2016,34.08633778,-118.3647783,See Hollywood! The Most Central!,West Hollywood,46,99,https://a0.muscache.com/im/pictures/9790246/e998bd65_original.jpg?aki_policy=small,90046,1,1
5559765,4.356708827,Apartment,Entire home/apt,"{TV,Internet,""Wireless Internet"",""Air conditioning"",""Wheelchair accessible"",Pool,Kitchen,""Free parking on premises"",""Pets allowed"",Breakfast,""Hot tub"",""Indoor fireplace"",Heating,""Family/kid friendly"",""Suitable for events"",Washer,Dryer,""Smoke detector"",""Carbon monoxide detector"",""First aid kit"",""Safety card"",Essentials,Shampoo,Hangers,""Hair dryer"",Iron,""Laptop friendly workspace"",""Self Check-In"",Keypad}",4,1,Real Bed,flexible,TRUE,LA,"Centrally located&very comfy, spacious one bedroom is the perfect place to stay in LA. This apartment will be everything you will need and more. This prvte apt has a pool, a large balcony , hot tub, laundry rm, & your own resrved prking spot!!!!! Also has fully equipped kitchen, AC, and is within walking distance to everything you'll need during ur stay!!",18-03-2017,t,f,50%,24-10-2016,t,05-04-2017,34.08630857,-118.2712267,Hollywood SpAcIoUs 1 BeDrOoM w/Pool,,1,,https://a0.muscache.com/im/pictures/3802cb32-32c3-43ae-bdf5-37dd21118dac.jpg?aki_policy=small,90026,1,2
15705862,4.382026635,Apartment,Private room,"{TV,""Cable TV"",""Wireless Internet"",""Air conditioning"",Kitchen,""Free parking on premises"",Breakfast,""Buzzer/wireless intercom"",Heating,""Smoke detector"",""Carbon monoxide detector"",""First aid kit"",""Fire extinguisher"",Essentials,Shampoo,""Lock on bedroom door"",Iron}",2,1,Real Bed,moderate,TRUE,NYC,"Guest are provided face cloths, towels, soap, shampoo & conditioner and toothpaste. Other amenities include wifi, cable tv, walking distance to eateries and groceries, 4 minute walk to the train, 10 minute train ride to downtown Brooklyn, 25 minutes to Manhattan If you're looking for great bars, nice eateries or some tourists attraction, please feel free to ask. Walking distance from the 3 and 4 train. I also offer my services, instead of the guest taking cabs or Uber. I'm willing to take you to your destination for a fraction of the cost.",07-07-2017,t,t,90%,07-08-2012,t,28-09-2017,40.65921861,-73.91351348,Intimate Isolate Oasis,Brownsville,17,96,https://a0.muscache.com/im/pictures/1e02a7bf-15f1-4c14-926b-734fcc7feeee.jpg?aki_policy=small,11212,1,1
16904896,4.828313737,House,Private room,"{TV,""Cable TV"",Internet,""Wireless Internet"",Kitchen,""Free parking on premises"",""Pets live on this property"",Dog(s),""Indoor fireplace"",Heating,Washer,Dryer,""Smoke detector"",""Carbon monoxide detector"",""First aid kit"",""Safety card"",""Fire extinguisher"",Essentials,Shampoo,""Lock on bedroom door"",Hangers,""Hair dryer"",Iron,""Laptop friendly workspace"",""translation missing: en.hosting_amenity_49"",""translation missing: en.hosting_amenity_50"",""Self Check-In"",Lockbox}",2,1,Real Bed,strict,TRUE,SF,"Beautiful, spacious, light-filled Edwardian house in quiet neighborhood with distinguished amenities, park-like setting view, and supreme location near the best of Golden Gate Park. FREE internet!!!FREE street parking*!!!FREE laundry!!! *There is A 2hr limit parking particularly on our street from 8am-6pm Monday-Friday. The street East and West of us do not have any parking restrictions. Parking permits are available for $5/day if necessary. NOTHING BEATS IT! Lovely Edwardian house (4 bedrooms and 3.5 bathrooms) in Inner Richmond neighborhood with distinguished amenities, park-like setting view and supreme location near the best of Golden Gate Park. Cozy Giants Room @Golden Gate Park (Go GIANTS!) is one of the bedrooms we have up for rent in our magnificent Edwardian house. HOUSEHOLD Guests will have access to all common areas in the Edwardian house (kitchen, TV room, glass atrium, living room with pool table, downstairs bathroom, sunny deck, and backyard), as well as their private bed",24-03-2014,t,t,100%,26-12-2013,t,23-09-2017,37.77372777,-122.4631288,Cozy Giants Room @Golden Gate Park,Richmond District,138,96,https://a0.muscache.com/im/pictures/38471493/2b93c7ac_original.jpg?aki_policy=small,94118,1,1
4209927,3.912023005,Apartment,Private room,"{TV,""Wireless Internet"",""Air conditioning"",Kitchen,Breakfast,""Indoor fireplace"",""Buzzer/wireless intercom"",Heating,""Smoke detector"",""Carbon monoxide detector"",""First aid kit"",""Fire extinguisher"",Essentials,Shampoo,Hangers,""Hair dryer"",Iron,""Laptop friendly workspace""}",1,1,Real Bed,strict,TRUE,NYC,"I'll come back, I'll have pictures very soon. But if it helps the room is bigger then my Paris room.",24-07-2017,t,f,86%,19-11-2013,f,15-09-2017,40.71518313,-73.94520044,"Queen-bed,huge room, 15 min to union square off L",Williamsburg,11,84,https://a0.muscache.com/im/pictures/96e9fab4-6c98-4dd1-beb8-e564357dd81d.jpg?aki_policy=small,11211,1,1
12232154,4.744932128,Apartment,Entire home/apt,"{Internet,""Wireless Internet"",Kitchen,""Pets allowed"",""Buzzer/wireless intercom"",Heating,""Family/kid friendly"",Washer}",2,,Real Bed,strict,TRUE,NYC,"Available July 17 to July 30 Minimum 8 nights Short sublet of beautiful East Village apartment --It's close to Union Square, and is the perfect location for your summer vacation to NYC -- Great area for nightlife, restaurants, and close to several subway lines --  Prewar tenement building, 4th floor with view of 13th Street, recently renovated, lots of original details  -- Impeccably clean and attractive bathroom with washing machine -- The kitchen has high-end, green appliances  -- Wireless Internet -- No television but lots of books -- We've listed this for 2, but no problem sleeping more if you're a family traveling with children (we'll provide an air mattress) -- We don't have pets, but you're welcome to bring yours -- We belong to the NYC bike share program, Citibike, and you're welcome to use our keys (free 45 minute rides in Manhattan/Brooklyn--we'll be happy to show you how it works) If it's your first time in New York City, we can assure you that the East Village is one of the",03-01-2014,t,t,,06-01-2011,f,26-07-2015,40.73131103,-73.98609197,Amazing Prewar East Village Apt,East Village,2,100,https://a0.muscache.com/im/pictures/42249609/ac7f3092_original.jpg?aki_policy=small,10003,1,1
4680055,4.682131227,Condominium,Private room,"{TV,Internet,""Wireless Internet"",""Air conditioning"",Kitchen,""Free parking on street"",""Indoor fireplace"",""Buzzer/wireless intercom"",Heating,""Family/kid friendly"",Washer,Dryer,""Smoke detector"",""Carbon monoxide detector"",""Fire extinguisher"",Essentials,Shampoo,""Lock on bedroom door"",""24-hour check-in"",Hangers,""Hair dryer"",Iron,""Laptop friendly workspace"",""Self Check-In"",""Smart lock""}",2,1,Real Bed,strict,TRUE,Boston,"Tourists/Conference-goers great choice! Private bedroom/bath in a renovated house close to downtown Boston, Boston Convention Center and tourist places; walk to subway Red line T 2 stops to South Station, 3 stops to Downtown Crossing and Park Street. Beautifully furnished private room with a full-size bed, closet, computer desk and access to WiFi internet. Bathroom outside your room will be all yours during your stay with toiletries and hair dryer included. High Speed Wifi internet; washer and dryer in the unit for your convenience with detergent provided; our modern kitchen, dining and living room area as well as the fabulous roof deck. Feel free to ask any questions regarding your booking/stay. I will try my best to reply in a timely manner. South Boston (Southie) is one of the hottest neighborhoods in Boston as of late given its proximity to the Seaport area with restaurants, bars and a bustling nightlife. The condo is on the west side of Southie - less than a mile to downtown Bosto",20-03-2016,t,t,100%,16-06-2013,t,17-09-2017,42.33062833,-71.0531478,Private Bedroom Close To Downtown/Subway Red line,South Boston,40,96,https://a0.muscache.com/im/pictures/aad0eaa7-a727-4f18-8271-cfe881d204a0.jpg?aki_policy=small,2127,1,1
19813606,5.521460918,Condominium,Entire home/apt,"{TV,""Wireless Internet"",""Air conditioning"",Kitchen,""Free parking on premises"",Gym,""Elevator in building"",Heating,""Family/kid friendly"",Washer,Dryer,""Smoke detector"",""Carbon monoxide detector"",""First aid kit"",""Fire extinguisher"",Essentials,Shampoo,""Lock on bedroom door"",Hangers}",5,2,Real Bed,strict,TRUE,Chicago,"Modern two bedroom condo with street parking. Rooftop complete with views of the lake, parks and Saturday night fireworks. Walking distance of Grant Park, Field Museum, Adler Planetarium, Chicago Art Institute and Shedd Aquarium.  A short drive or thirty minute walk from Millennium park. The bed in the second bedroom is a queen sized, no bar, foam mattress, sleeper sofa. Will not be available in person but will have doormen to help if needed Tucked away neighborhood with all of Chicago main attractions within a 30 minute walk. Close by the subway red line which take you to the heart of the city and Wrigley Field. Easy to catch taxi, Uber, or Lyft",,t,f,100%,17-07-2016,t,,41.86105699,-87.61930317,Modern condo close to parks and museums,South Loop/Printers Row,0,,https://a0.muscache.com/im/pictures/f61997c8-786e-4477-a46f-ace4f2a77878.jpg?aki_policy=small,60605,2,2
18191678,4.787491743,Apartment,Shared room,"{TV,""Air conditioning"",""Wheelchair accessible"",Pool,""Pets allowed"",Gym,""Elevator in building"",""Hot tub"",Heating,""Family/kid friendly"",""Suitable for events"",Washer,Dryer,""Smoke detector"",""First aid kit"",""Fire extinguisher"",Essentials,Shampoo,""24-hour check-in"",Hangers,""Hair dryer"",Iron,""Laptop friendly workspace""}",4,1,Real Bed,moderate,TRUE,LA,This apartment has a lot; from a private saunas to a well equipped gym! The location is surrounded by local restaurant and 2 blocks  from the Hollywood Stars -private gym -pool  -sauna -recreational room -private balcony I make my self available for my guest Very safe and everyone surrounding the complex is super friendly,,t,f,,17-09-2016,f,,34.10780278,-118.3200675,Luxury Apt Complex,,0,,https://a0.muscache.com/im/pictures/da9f8b4b-e273-404b-8f3e-47fba9f9fd43.jpg?aki_policy=small,90068,1,1
12428036,4.317488114,Apartment,Private room,"{Internet,""Wireless Internet"",Kitchen,""Free parking on premises"",Breakfast,Heating,""Family/kid friendly"",Washer,Dryer,""Smoke detector"",""Carbon monoxide detector"",""Safety card"",""Fire extinguisher"",Essentials,Shampoo}",8,1,Real Bed,moderate,TRUE,LA,"This large room can accommodate up to 8 people! There are 5 twin beds, 2 full beds, and 1 sofa bed.  Other rooms include a private living room, one private bathroom, and one shared kitchen. Laundry machine is available. Located near subway station. Beautiful Victorian style house.  You will have access to gated parking in the back. Guests will have access to the yard and parking lot. The room is large and is comfortable for up to 8 people. The room has its own bathroom. The kitchen and laundry room is shared with guests from two other airbnb bedrooms. I love to travel, and occasionally I am out of town. If I am in LA, I am more than happy to help the guests during their stay! Westlake is in a dynamic, diverse, and historic part of Los Angeles that is being revitalized. During the late 19th century and early 20th century, Westlake was one of the most desirable residential neighborhoods in LA. Wealthy businessmen, local celebrities, and socialites built extravagant mansions and took resi",12-08-2015,t,t,100%,13-07-2015,t,14-04-2017,34.05542344,-118.2752044,Spacious Room up to 8 Guests,Westlake,44,92,https://a0.muscache.com/im/pictures/96983006/5c25be7f_original.jpg?aki_policy=small,90057,1,7
4014942,4.997212274,Apartment,Entire home/apt,"{TV,Internet,""Wireless Internet"",Kitchen,""Free parking on premises"",Heating,""Smoke detector"",""Carbon monoxide detector"",Essentials,Shampoo,""24-hour check-in"",Hangers,""Hair dryer"",Iron,""Laptop friendly workspace""}",4,1.5,Real Bed,moderate,TRUE,LA,"Very unique and spacious apartment in the heart of Hollywood! Short walk to the Sunset Strip, Hollywood Walk of Fame, Runyon Canyon and more! Pool table, BBQ grill, Tempurpedic mattress in the bedroom, and memory foam futon in the spare bedroom. Free Comedy Show tickets. Full Access Pass. Happy to help however I can. The apartment is in a residential pocket in the middle of town.  Truly unique... you're gonna love it! Bus stop across the street. Train is .8 miles away (1.2 km).  Everything else is a short walk or cheap uber ride away.  A parking space is available in case you're driving here.",20-06-2016,t,t,100%,24-08-2014,f,19-04-2017,34.10259786,-118.3567757,BEST HOLLYWOOD LOCATION!!!,Hollywood Hills,29,95,,90046,2,2
11376382,5.783825182,Apartment,Entire home/apt,"{TV,Internet,""Wireless Internet"",""Air conditioning"",Pool,Kitchen,Gym,""Elevator in building"",""Hot tub"",Heating,Washer,Dryer,""Smoke detector"",""Fire extinguisher"",""translation missing: en.hosting_amenity_49"",""translation missing: en.hosting_amenity_50""}",2,1,Real Bed,flexible,FALSE,LA,"Come have a nice stay in the marina enjoying the view in this one bedroom , well located with great amenities Walking distance from all shopping centers and bike trails ready",15-03-2017,t,t,100%,13-02-2017,t,15-03-2017,33.97570797,-118.4495962,Amazing one bed in the marina,,1,80,https://a0.muscache.com/im/pictures/3444c30f-ab9a-47ad-8440-deb7c74e47ec.jpg?aki_policy=small,90292,1,1
15238989,5.521460918,Apartment,Entire home/apt,"{TV,""Wireless Internet"",""Air conditioning"",Kitchen,Gym,Elevator,Heating,""Family/kid friendly"",Washer,Dryer,""Smoke detector"",""Carbon monoxide detector"",Essentials,""Laptop friendly workspace""}",2,1,Real Bed,flexible,FALSE,NYC,"Beautiful apartment at the heart of the upper east side, perfect for any couple or family. The illustrious Upper East Side is widely renowned for its high-quality residential living and its world-class cultural institutions. This neighborhood is famous for being safe, green, and beautiful, so itâ€™s no wonder that the Upper East Side is easily one of the most charming neighborhoods in Manhattan.",,t,f,100%,13-05-2015,f,,40.76893346,-73.95377173,Beautiful 1bd  at the heart of the UES,Upper East Side,0,,https://a0.muscache.com/im/pictures/5de7807d-bee8-4a93-bf93-ab7dee501b46.jpg?aki_policy=small,10021,1,1
18004987,5.010635294,Apartment,Entire home/apt,"{Internet,""Wireless Internet"",""Air conditioning"",Kitchen,Gym,""Elevator in building"",Heating,""Smoke detector"",""Fire extinguisher"",Shampoo,""Hair dryer"",""Laptop friendly workspace"",""translation missing: en.hosting_amenity_49"",""translation missing: en.hosting_amenity_50""}",2,1,Real Bed,moderate,TRUE,DC,"Fully furnished 1 bedroom apartment, close to DC downtown and walking distance to most of feature attractions, like White House and Georgetown. The bed is put in living room and, two of my working desks have been put in the bedroom. So literally I have make the bedroom into a study room, and sleeping in living room. Please be aware, my apartment has different arrange with other apartment. The entire house I will be out of town during thanksgivings. But you can text me or call me anytime if you have any problems. Walking distance to White House, Washington monument, Smithsonian National Museum, Lincoln Memorial. Surrounded by many highly rated restaurant, like Founding Farmers, Fiola Mare. Close by Georgetown, makes your shopping easy. CVS, Whole Foods and Trader Joe's are in 10 mins walk.",14-11-2016,t,t,,06-11-2014,f,14-11-2016,38.90193567,-77.05230862,1 bedroom apartment in DC,,1,,,20037,1,1
5117069,4.007333185,Apartment,Private room,"{TV,""Cable TV"",Internet,""Wireless Internet"",Kitchen,""Buzzer/wireless intercom"",Heating,""Smoke detector"",""Carbon monoxide detector"",Essentials,""Lock on bedroom door"",Hangers,""Hair dryer"",""Laptop friendly workspace"",""translation missing: en.hosting_amenity_49"",""translation missing: en.hosting_amenity_50""}",1,1,Real Bed,flexible,FALSE,NYC,"Spacious East Village apartment on a quiet street in the midst of a very cool and fun part of the city. Tons of restaurants and bars in the area with shopping nearby. We are looking for FEMALE residents only.  Near St. Mark's Place, SoHo, East & West Village, Union Square, and very close to many major subways (6,N,R and F are 5 minutes away; 1,2,3,4,5,6,L, and Q are 10 minutes walking) so you can truly go anywhere in the city easily.",,t,f,,08-12-2013,f,,40.72716681,-73.99099987,Bedroom in Spacious East Village Apt,East Village,0,,https://a0.muscache.com/im/pictures/85924fcf-f0c3-410f-9cda-0c1c94037321.jpg?aki_policy=small,10003,1,1
16246049,3.555348061,Apartment,Private room,"{""Wireless Internet"",""Air conditioning"",Kitchen,Heating,Essentials,Shampoo,Hangers,""Laptop friendly workspace""}",2,1,Real Bed,flexible,FALSE,NYC,"roomy and comfortable apartment in the heart of Bushwick, a few blocks away from the L train. with cool restaurants and bars all around, and the best street art! this is a perfect spot for a couple who want to explore Brooklyn but still are just a few stops away from the city.",30-08-2017,t,f,100%,13-08-2013,f,30-08-2017,40.70631245,-73.9192194,bushwick star,Bushwick,1,,https://a0.muscache.com/im/pictures/5d49c251-f944-4c3c-a403-516b0b865eca.jpg?aki_policy=small,11237,1,1
